<?xml version="1.0" encoding="utf-16"?>
<ArrayOfHashMode xmlns:xsd="http://www.w3.org/2001/XMLSchema" xmlns:xsi="http://www.w3.org/2001/XMLSchema-instance">
  <HashMode>
    <ID>0</ID>
    <Name>MD5</Name>
    <Category>Raw Hash</Category>
  </HashMode>
  <HashMode>
    <ID>10</ID>
    <Name>md5($pass.$salt)</Name>
    <Category>Raw Hash salted and/or iterated</Category>
  </HashMode>
  <HashMode>
    <ID>11</ID>
    <Name>Joomla &lt; 2.5.18</Name>
    <Category>Forums, CMS, E-Commerce</Category>
    <Ident>regex:(^[0-9a-fA-F]{32}\:\w{12,32}$)</Ident>
  </HashMode>
  <HashMode>
    <ID>12</ID>
    <Name>PostgreSQL</Name>
    <Category>Database Server</Category>
  </HashMode>
  <HashMode>
    <ID>20</ID>
    <Name>md5($salt.$pass)</Name>
    <Category>Raw Hash salted and/or iterated</Category>
  </HashMode>
  <HashMode>
    <ID>21</ID>
    <Name>osCommerce, xt:Commerce</Name>
    <Category>Forums, CMS, E-Commerce</Category>
  </HashMode>
  <HashMode>
    <ID>22</ID>
    <Name>Juniper NetScreen/SSG (ScreenOS)</Name>
    <Category>Operating System</Category>
  </HashMode>
  <HashMode>
    <ID>23</ID>
    <Name>Skype</Name>
    <Category>Instant Messaging Service</Category>
  </HashMode>
  <HashMode>
    <ID>24</ID>
    <Name>SolarWinds Serv-U</Name>
    <Category>Enterprise Application Software (EAS)</Category>
  </HashMode>
  <HashMode>
    <ID>30</ID>
    <Name>md5(utf16le($pass).$salt)</Name>
    <Category>Raw Hash salted and/or iterated</Category>
  </HashMode>
  <HashMode>
    <ID>40</ID>
    <Name>md5($salt.utf16le($pass))</Name>
    <Category>Raw Hash salted and/or iterated</Category>
  </HashMode>
  <HashMode>
    <ID>50</ID>
    <Name>HMAC-MD5 (key = $pass)</Name>
    <Category>Raw Hash authenticated</Category>
  </HashMode>
  <HashMode>
    <ID>60</ID>
    <Name>HMAC-MD5 (key = $salt)</Name>
    <Category>Raw Hash authenticated</Category>
  </HashMode>
  <HashMode>
    <ID>70</ID>
    <Name>md5(utf16le($pass))</Name>
    <Category>Raw Hash</Category>
  </HashMode>
  <HashMode>
    <ID>100</ID>
    <Name>SHA1</Name>
    <Category>Raw Hash</Category>
  </HashMode>
  <HashMode>
    <ID>101</ID>
    <Name>nsldap, SHA-1(Base64), Netscape LDAP SHA</Name>
    <Category>FTP, HTTP, SMTP, LDAP Server</Category>
  </HashMode>
  <HashMode>
    <ID>110</ID>
    <Name>sha1($pass.$salt)</Name>
    <Category>Raw Hash salted and/or iterated</Category>
  </HashMode>
  <HashMode>
    <ID>111</ID>
    <Name>nsldaps, SSHA-1(Base64), Netscape LDAP SSHA</Name>
    <Category>FTP, HTTP, SMTP, LDAP Server</Category>
  </HashMode>
  <HashMode>
    <ID>112</ID>
    <Name>Oracle S: Type (Oracle 11+)</Name>
    <Category>Database Server</Category>
  </HashMode>
  <HashMode>
    <ID>120</ID>
    <Name>sha1($salt.$pass)</Name>
    <Category>Raw Hash salted and/or iterated</Category>
  </HashMode>
  <HashMode>
    <ID>121</ID>
    <Name>SMF (Simple Machines Forum) &gt; v1.1</Name>
    <Category>Forums, CMS, E-Commerce</Category>
  </HashMode>
  <HashMode>
    <ID>122</ID>
    <Name>macOS v10.4, macOS v10.5, macOS v10.6</Name>
    <Category>Operating System</Category>
  </HashMode>
  <HashMode>
    <ID>124</ID>
    <Name>Django (SHA-1)</Name>
    <Category>Framework</Category>
  </HashMode>
  <HashMode>
    <ID>125</ID>
    <Name>ArubaOS</Name>
    <Category>Operating System</Category>
  </HashMode>
  <HashMode>
    <ID>130</ID>
    <Name>sha1(utf16le($pass).$salt)</Name>
    <Category>Raw Hash salted and/or iterated</Category>
  </HashMode>
  <HashMode>
    <ID>131</ID>
    <Name>MSSQL (2000)</Name>
    <Category>Database Server</Category>
  </HashMode>
  <HashMode>
    <ID>132</ID>
    <Name>MSSQL (2005)</Name>
    <Category>Database Server</Category>
  </HashMode>
  <HashMode>
    <ID>133</ID>
    <Name>PeopleSoft</Name>
    <Category>Enterprise Application Software (EAS)</Category>
  </HashMode>
  <HashMode>
    <ID>140</ID>
    <Name>sha1($salt.utf16le($pass))</Name>
    <Category>Raw Hash salted and/or iterated</Category>
  </HashMode>
  <HashMode>
    <ID>141</ID>
    <Name>Episerver 6.x &lt; .NET 4</Name>
    <Category>FTP, HTTP, SMTP, LDAP Server</Category>
  </HashMode>
  <HashMode>
    <ID>150</ID>
    <Name>HMAC-SHA1 (key = $pass)</Name>
    <Category>Raw Hash authenticated</Category>
  </HashMode>
  <HashMode>
    <ID>160</ID>
    <Name>HMAC-SHA1 (key = $salt)</Name>
    <Category>Raw Hash authenticated</Category>
  </HashMode>
  <HashMode>
    <ID>170</ID>
    <Name>sha1(utf16le($pass))</Name>
    <Category>Raw Hash</Category>
  </HashMode>
  <HashMode>
    <ID>200</ID>
    <Name>MySQL323</Name>
    <Category>Database Server</Category>
  </HashMode>
  <HashMode>
    <ID>300</ID>
    <Name>MySQL4.1/MySQL5</Name>
    <Category>Database Server</Category>
  </HashMode>
  <HashMode>
    <ID>400</ID>
    <Name>phpass</Name>
    <Category>Generic KDF</Category>
    <Ident>regex:(\$[H|P]\$)([\S]{30,34})</Ident>
  </HashMode>
  <HashMode>
    <ID>500</ID>
    <Name>md5crypt, MD5 (Unix), Cisco-IOS $1$ (MD5)</Name>
    <Category>Operating System</Category>
    <Ident>regex:(\$1\$)([\S]{30,34})</Ident>
  </HashMode>
  <HashMode>
    <ID>501</ID>
    <Name>Juniper IVE</Name>
    <Category>Operating System</Category>
  </HashMode>
  <HashMode>
    <ID>600</ID>
    <Name>BLAKE2b-512</Name>
    <Category>Raw Hash</Category>
  </HashMode>
  <HashMode>
    <ID>610</ID>
    <Name>BLAKE2b-512($pass.$salt)</Name>
    <Category>Raw Hash salted and/or iterated</Category>
  </HashMode>
  <HashMode>
    <ID>620</ID>
    <Name>BLAKE2b-512($salt.$pass)</Name>
    <Category>Raw Hash salted and/or iterated</Category>
  </HashMode>
  <HashMode>
    <ID>900</ID>
    <Name>MD4</Name>
    <Category>Raw Hash</Category>
  </HashMode>
  <HashMode>
    <ID>1000</ID>
    <Name>NTLM</Name>
    <Category>Operating System</Category>
  </HashMode>
  <HashMode>
    <ID>1100</ID>
    <Name>Domain Cached Credentials (DCC), MS Cache</Name>
    <Category>Operating System</Category>
  </HashMode>
  <HashMode>
    <ID>1300</ID>
    <Name>SHA2-224</Name>
    <Category>Raw Hash</Category>
  </HashMode>
  <HashMode>
    <ID>1400</ID>
    <Name>SHA2-256</Name>
    <Category>Raw Hash</Category>
    <Ident>regex:(^[0-9a-fA-F]{64}$)</Ident>
  </HashMode>
  <HashMode>
    <ID>1410</ID>
    <Name>sha256($pass.$salt)</Name>
    <Category>Raw Hash salted and/or iterated</Category>
  </HashMode>
  <HashMode>
    <ID>1411</ID>
    <Name>SSHA-256(Base64), LDAP {SSHA256}</Name>
    <Category>FTP, HTTP, SMTP, LDAP Server</Category>
  </HashMode>
  <HashMode>
    <ID>1420</ID>
    <Name>sha256($salt.$pass)</Name>
    <Category>Raw Hash salted and/or iterated</Category>
  </HashMode>
  <HashMode>
    <ID>1421</ID>
    <Name>hMailServer</Name>
    <Category>FTP, HTTP, SMTP, LDAP Server</Category>
  </HashMode>
  <HashMode>
    <ID>1430</ID>
    <Name>sha256(utf16le($pass).$salt)</Name>
    <Category>Raw Hash salted and/or iterated</Category>
  </HashMode>
  <HashMode>
    <ID>1440</ID>
    <Name>sha256($salt.utf16le($pass))</Name>
    <Category>Raw Hash salted and/or iterated</Category>
  </HashMode>
  <HashMode>
    <ID>1441</ID>
    <Name>Episerver 6.x &gt;= .NET 4</Name>
    <Category>FTP, HTTP, SMTP, LDAP Server</Category>
  </HashMode>
  <HashMode>
    <ID>1450</ID>
    <Name>HMAC-SHA256 (key = $pass)</Name>
    <Category>Raw Hash authenticated</Category>
  </HashMode>
  <HashMode>
    <ID>1460</ID>
    <Name>HMAC-SHA256 (key = $salt)</Name>
    <Category>Raw Hash authenticated</Category>
  </HashMode>
  <HashMode>
    <ID>1470</ID>
    <Name>sha256(utf16le($pass))</Name>
    <Category>Raw Hash</Category>
  </HashMode>
  <HashMode>
    <ID>1500</ID>
    <Name>descrypt, DES (Unix), Traditional DES</Name>
    <Category>Operating System</Category>
  </HashMode>
  <HashMode>
    <ID>1600</ID>
    <Name>Apache $apr1$ MD5, md5apr1, MD5 (APR)</Name>
    <Category>FTP, HTTP, SMTP, LDAP Server</Category>
    <Ident>$apr1$</Ident>
  </HashMode>
  <HashMode>
    <ID>1700</ID>
    <Name>SHA2-512</Name>
    <Category>Raw Hash</Category>
    <Ident>regex:(^[0-9a-fA-F]{128}$)</Ident>
  </HashMode>
  <HashMode>
    <ID>1710</ID>
    <Name>sha512($pass.$salt)</Name>
    <Category>Raw Hash salted and/or iterated</Category>
  </HashMode>
  <HashMode>
    <ID>1711</ID>
    <Name>SSHA-512(Base64), LDAP {SSHA512}</Name>
    <Category>FTP, HTTP, SMTP, LDAP Server</Category>
  </HashMode>
  <HashMode>
    <ID>1720</ID>
    <Name>sha512($salt.$pass)</Name>
    <Category>Raw Hash salted and/or iterated</Category>
  </HashMode>
  <HashMode>
    <ID>1722</ID>
    <Name>macOS v10.7</Name>
    <Category>Operating System</Category>
  </HashMode>
  <HashMode>
    <ID>1730</ID>
    <Name>sha512(utf16le($pass).$salt)</Name>
    <Category>Raw Hash salted and/or iterated</Category>
  </HashMode>
  <HashMode>
    <ID>1731</ID>
    <Name>MSSQL (2012, 2014)</Name>
    <Category>Database Server</Category>
  </HashMode>
  <HashMode>
    <ID>1740</ID>
    <Name>sha512($salt.utf16le($pass))</Name>
    <Category>Raw Hash salted and/or iterated</Category>
  </HashMode>
  <HashMode>
    <ID>1750</ID>
    <Name>HMAC-SHA512 (key = $pass)</Name>
    <Category>Raw Hash authenticated</Category>
  </HashMode>
  <HashMode>
    <ID>1760</ID>
    <Name>HMAC-SHA512 (key = $salt)</Name>
    <Category>Raw Hash authenticated</Category>
  </HashMode>
  <HashMode>
    <ID>1770</ID>
    <Name>sha512(utf16le($pass))</Name>
    <Category>Raw Hash</Category>
  </HashMode>
  <HashMode>
    <ID>1800</ID>
    <Name>sha512crypt $6$, SHA512 (Unix)</Name>
    <Category>Operating System</Category>
    <Ident>$6$</Ident>
  </HashMode>
  <HashMode>
    <ID>2000</ID>
    <Name>STDOUT</Name>
    <Category>Plaintext</Category>
  </HashMode>
  <HashMode>
    <ID>2100</ID>
    <Name>Domain Cached Credentials 2 (DCC2), MS Cache 2</Name>
    <Category>Operating System</Category>
  </HashMode>
  <HashMode>
    <ID>2400</ID>
    <Name>Cisco-PIX MD5</Name>
    <Category>Operating System</Category>
  </HashMode>
  <HashMode>
    <ID>2410</ID>
    <Name>Cisco-ASA MD5</Name>
    <Category>Operating System</Category>
  </HashMode>
  <HashMode>
    <ID>2500</ID>
    <Name>WPA-EAPOL-PBKDF2</Name>
    <Category>Network Protocol</Category>
    <Ident>ext:.hccap|.hccapx</Ident>
  </HashMode>
  <HashMode>
    <ID>2501</ID>
    <Name>WPA-EAPOL-PMK</Name>
    <Category>Network Protocol</Category>
  </HashMode>
  <HashMode>
    <ID>2600</ID>
    <Name>md5(md5($pass))</Name>
    <Category>Raw Hash salted and/or iterated</Category>
  </HashMode>
  <HashMode>
    <ID>2611</ID>
    <Name>vBulletin &lt; v3.8.5</Name>
    <Category>Forums, CMS, E-Commerce</Category>
    <Ident>regex:(^[0-9a-fA-F]{32}\:.{1,3}$)</Ident>
  </HashMode>
  <HashMode>
    <ID>2612</ID>
    <Name>PHPS</Name>
    <Category>Forums, CMS, E-Commerce</Category>
  </HashMode>
  <HashMode>
    <ID>2711</ID>
    <Name>vBulletin &gt;= v3.8.5</Name>
    <Category>Forums, CMS, E-Commerce</Category>
    <Ident>regex:(^[0-9a-fA-F]{32}\:\S{28,30}$)</Ident>
  </HashMode>
  <HashMode>
    <ID>2811</ID>
    <Name>MyBB 1.2+, IPB2+ (Invision Power Board)</Name>
    <Category>Forums, CMS, E-Commerce</Category>
    <Ident>regex:(^[0-9a-fA-F]{32}\:(\w{6,8})$)</Ident>
  </HashMode>
  <HashMode>
    <ID>3000</ID>
    <Name>LM</Name>
    <Category>Operating System</Category>
  </HashMode>
  <HashMode>
    <ID>3100</ID>
    <Name>Oracle H: Type (Oracle 7+)</Name>
    <Category>Database Server</Category>
  </HashMode>
  <HashMode>
    <ID>3200</ID>
    <Name>bcrypt $2*$, Blowfish (Unix)</Name>
    <Category>Operating System</Category>
    <Ident>$2a$|$2y$</Ident>
  </HashMode>
  <HashMode>
    <ID>3500</ID>
    <Name>md5(md5(md5($pass)))</Name>
    <Category>Raw Hash salted and/or iterated</Category>
  </HashMode>
  <HashMode>
    <ID>3710</ID>
    <Name>md5($salt.md5($pass))</Name>
    <Category>Raw Hash salted and/or iterated</Category>
  </HashMode>
  <HashMode>
    <ID>3711</ID>
    <Name>MediaWiki B type</Name>
    <Category>Forums, CMS, E-Commerce</Category>
  </HashMode>
  <HashMode>
    <ID>3730</ID>
    <Name>md5($salt1.strtoupper(md5($salt2.$pass)))</Name>
    <Category>Raw Hash salted and/or iterated</Category>
  </HashMode>
  <HashMode>
    <ID>3800</ID>
    <Name>md5($salt.$pass.$salt)</Name>
    <Category>Raw Hash salted and/or iterated</Category>
  </HashMode>
  <HashMode>
    <ID>3910</ID>
    <Name>md5(md5($pass).md5($salt))</Name>
    <Category>Raw Hash salted and/or iterated</Category>
  </HashMode>
  <HashMode>
    <ID>4010</ID>
    <Name>md5($salt.md5($salt.$pass))</Name>
    <Category>Raw Hash salted and/or iterated</Category>
  </HashMode>
  <HashMode>
    <ID>4110</ID>
    <Name>md5($salt.md5($pass.$salt))</Name>
    <Category>Raw Hash salted and/or iterated</Category>
  </HashMode>
  <HashMode>
    <ID>4300</ID>
    <Name>md5(strtoupper(md5($pass)))</Name>
    <Category>Raw Hash salted and/or iterated</Category>
  </HashMode>
  <HashMode>
    <ID>4400</ID>
    <Name>md5(sha1($pass))</Name>
    <Category>Raw Hash salted and/or iterated</Category>
  </HashMode>
  <HashMode>
    <ID>4410</ID>
    <Name>md5(sha1($pass).$salt)</Name>
    <Category>Raw Hash salted and/or iterated</Category>
  </HashMode>
  <HashMode>
    <ID>4500</ID>
    <Name>sha1(sha1($pass))</Name>
    <Category>Raw Hash salted and/or iterated</Category>
  </HashMode>
  <HashMode>
    <ID>4510</ID>
    <Name>sha1(sha1($pass).$salt)</Name>
    <Category>Raw Hash salted and/or iterated</Category>
  </HashMode>
  <HashMode>
    <ID>4520</ID>
    <Name>sha1($salt.sha1($pass))</Name>
    <Category>Raw Hash salted and/or iterated</Category>
  </HashMode>
  <HashMode>
    <ID>4521</ID>
    <Name>Redmine</Name>
    <Category>Forums, CMS, E-Commerce</Category>
  </HashMode>
  <HashMode>
    <ID>4522</ID>
    <Name>PunBB</Name>
    <Category>Forums, CMS, E-Commerce</Category>
  </HashMode>
  <HashMode>
    <ID>4700</ID>
    <Name>sha1(md5($pass))</Name>
    <Category>Raw Hash salted and/or iterated</Category>
  </HashMode>
  <HashMode>
    <ID>4710</ID>
    <Name>sha1(md5($pass).$salt)</Name>
    <Category>Raw Hash salted and/or iterated</Category>
  </HashMode>
  <HashMode>
    <ID>4711</ID>
    <Name>Huawei sha1(md5($pass).$salt)</Name>
    <Category>Enterprise Application Software (EAS)</Category>
  </HashMode>
  <HashMode>
    <ID>4800</ID>
    <Name>iSCSI CHAP authentication, MD5(CHAP)</Name>
    <Category>Network Protocol</Category>
  </HashMode>
  <HashMode>
    <ID>4900</ID>
    <Name>sha1($salt.$pass.$salt)</Name>
    <Category>Raw Hash salted and/or iterated</Category>
  </HashMode>
  <HashMode>
    <ID>5000</ID>
    <Name>sha1(sha1($salt.$pass.$salt))</Name>
    <Category>Raw Hash salted and/or iterated</Category>
  </HashMode>
  <HashMode>
    <ID>5100</ID>
    <Name>Half MD5</Name>
    <Category>Raw Hash</Category>
  </HashMode>
  <HashMode>
    <ID>5200</ID>
    <Name>Password Safe v3</Name>
    <Category>Password Manager</Category>
  </HashMode>
  <HashMode>
    <ID>5300</ID>
    <Name>IKE-PSK MD5</Name>
    <Category>Network Protocol</Category>
  </HashMode>
  <HashMode>
    <ID>5400</ID>
    <Name>IKE-PSK SHA1</Name>
    <Category>Network Protocol</Category>
  </HashMode>
  <HashMode>
    <ID>5500</ID>
    <Name>NetNTLMv1 / NetNTLMv1+ESS</Name>
    <Category>Network Protocol</Category>
  </HashMode>
  <HashMode>
    <ID>5600</ID>
    <Name>NetNTLMv2</Name>
    <Category>Network Protocol</Category>
  </HashMode>
  <HashMode>
    <ID>5700</ID>
    <Name>Cisco-IOS type 4 (SHA256)</Name>
    <Category>Operating System</Category>
    <Ident>$4$</Ident>
  </HashMode>
  <HashMode>
    <ID>5800</ID>
    <Name>Samsung Android Password/PIN</Name>
    <Category>Operating System</Category>
  </HashMode>
  <HashMode>
    <ID>6000</ID>
    <Name>RIPEMD-160</Name>
    <Category>Raw Hash</Category>
  </HashMode>
  <HashMode>
    <ID>6050</ID>
    <Name>HMAC-RIPEMD160 (key = $pass)</Name>
    <Category>Raw Hash authenticated</Category>
  </HashMode>
  <HashMode>
    <ID>6060</ID>
    <Name>HMAC-RIPEMD160 (key = $salt)</Name>
    <Category>Raw Hash authenticated</Category>
  </HashMode>
  <HashMode>
    <ID>6100</ID>
    <Name>Whirlpool</Name>
    <Category>Raw Hash</Category>
  </HashMode>
  <HashMode>
    <ID>6211</ID>
    <Name>TrueCrypt RIPEMD160 + XTS 512 bit (legacy)</Name>
    <Category>Full-Disk Encryption (FDE)</Category>
  </HashMode>
  <HashMode>
    <ID>6212</ID>
    <Name>TrueCrypt RIPEMD160 + XTS 1024 bit (legacy)</Name>
    <Category>Full-Disk Encryption (FDE)</Category>
  </HashMode>
  <HashMode>
    <ID>6213</ID>
    <Name>TrueCrypt RIPEMD160 + XTS 1536 bit (legacy)</Name>
    <Category>Full-Disk Encryption (FDE)</Category>
  </HashMode>
  <HashMode>
    <ID>6221</ID>
    <Name>TrueCrypt SHA512 + XTS 512 bit (legacy)</Name>
    <Category>Full-Disk Encryption (FDE)</Category>
  </HashMode>
  <HashMode>
    <ID>6222</ID>
    <Name>TrueCrypt SHA512 + XTS 1024 bit (legacy)</Name>
    <Category>Full-Disk Encryption (FDE)</Category>
  </HashMode>
  <HashMode>
    <ID>6223</ID>
    <Name>TrueCrypt SHA512 + XTS 1536 bit (legacy)</Name>
    <Category>Full-Disk Encryption (FDE)</Category>
  </HashMode>
  <HashMode>
    <ID>6231</ID>
    <Name>TrueCrypt Whirlpool + XTS 512 bit (legacy)</Name>
    <Category>Full-Disk Encryption (FDE)</Category>
  </HashMode>
  <HashMode>
    <ID>6232</ID>
    <Name>TrueCrypt Whirlpool + XTS 1024 bit (legacy)</Name>
    <Category>Full-Disk Encryption (FDE)</Category>
  </HashMode>
  <HashMode>
    <ID>6233</ID>
    <Name>TrueCrypt Whirlpool + XTS 1536 bit (legacy)</Name>
    <Category>Full-Disk Encryption (FDE)</Category>
  </HashMode>
  <HashMode>
    <ID>6241</ID>
    <Name>TrueCrypt RIPEMD160 + XTS 512 bit + boot-mode (legacy)</Name>
    <Category>Full-Disk Encryption (FDE)</Category>
  </HashMode>
  <HashMode>
    <ID>6242</ID>
    <Name>TrueCrypt RIPEMD160 + XTS 1024 bit + boot-mode (legacy)</Name>
    <Category>Full-Disk Encryption (FDE)</Category>
  </HashMode>
  <HashMode>
    <ID>6243</ID>
    <Name>TrueCrypt RIPEMD160 + XTS 1536 bit + boot-mode (legacy)</Name>
    <Category>Full-Disk Encryption (FDE)</Category>
  </HashMode>
  <HashMode>
    <ID>6300</ID>
    <Name>AIX {smd5}</Name>
    <Category>Operating System</Category>
    <Ident>{smd5}</Ident>
  </HashMode>
  <HashMode>
    <ID>6400</ID>
    <Name>AIX {ssha256}</Name>
    <Category>Operating System</Category>
    <Ident>{ssha256}</Ident>
  </HashMode>
  <HashMode>
    <ID>6500</ID>
    <Name>AIX {ssha512}</Name>
    <Category>Operating System</Category>
    <Ident>{ssha512}</Ident>
  </HashMode>
  <HashMode>
    <ID>6600</ID>
    <Name>1Password, agilekeychain</Name>
    <Category>Password Manager</Category>
  </HashMode>
  <HashMode>
    <ID>6700</ID>
    <Name>AIX {ssha1}</Name>
    <Category>Operating System</Category>
    <Ident>{ssha1}</Ident>
  </HashMode>
  <HashMode>
    <ID>6800</ID>
    <Name>LastPass + LastPass sniffed</Name>
    <Category>Password Manager</Category>
  </HashMode>
  <HashMode>
    <ID>6900</ID>
    <Name>GOST R 34.11-94</Name>
    <Category>Raw Hash</Category>
  </HashMode>
  <HashMode>
    <ID>7000</ID>
    <Name>FortiGate (FortiOS)</Name>
    <Category>Operating System</Category>
  </HashMode>
  <HashMode>
    <ID>7100</ID>
    <Name>macOS v10.8+ (PBKDF2-SHA512)</Name>
    <Category>Operating System</Category>
    <Ident>$ml$</Ident>
  </HashMode>
  <HashMode>
    <ID>7200</ID>
    <Name>GRUB 2</Name>
    <Category>Operating System</Category>
  </HashMode>
  <HashMode>
    <ID>7300</ID>
    <Name>IPMI2 RAKP HMAC-SHA1</Name>
    <Category>Network Protocol</Category>
  </HashMode>
  <HashMode>
    <ID>7350</ID>
    <Name>IPMI2 RAKP HMAC-MD5</Name>
    <Category>Network Protocol</Category>
  </HashMode>
  <HashMode>
    <ID>7400</ID>
    <Name>sha256crypt $5$, SHA256 (Unix)</Name>
    <Category>Operating System</Category>
    <Ident>$5$</Ident>
  </HashMode>
  <HashMode>
    <ID>7401</ID>
    <Name>MySQL $A$ (sha256crypt)</Name>
    <Category>Database Server</Category>
  </HashMode>
  <HashMode>
    <ID>7500</ID>
    <Name>Kerberos 5, etype 23, AS-REQ Pre-Auth</Name>
    <Category>Network Protocol</Category>
    <Ident>$krb5pa$</Ident>
  </HashMode>
  <HashMode>
    <ID>7700</ID>
    <Name>SAP CODVN B (BCODE)</Name>
    <Category>Enterprise Application Software (EAS)</Category>
  </HashMode>
  <HashMode>
    <ID>7701</ID>
    <Name>SAP CODVN B (BCODE) from RFC_READ_TABLE</Name>
    <Category>Enterprise Application Software (EAS)</Category>
  </HashMode>
  <HashMode>
    <ID>7800</ID>
    <Name>SAP CODVN F/G (PASSCODE)</Name>
    <Category>Enterprise Application Software (EAS)</Category>
  </HashMode>
  <HashMode>
    <ID>7801</ID>
    <Name>SAP CODVN F/G (PASSCODE) from RFC_READ_TABLE</Name>
    <Category>Enterprise Application Software (EAS)</Category>
  </HashMode>
  <HashMode>
    <ID>7900</ID>
    <Name>Drupal7</Name>
    <Category>Forums, CMS, E-Commerce</Category>
    <Ident>$S$</Ident>
  </HashMode>
  <HashMode>
    <ID>8000</ID>
    <Name>Sybase ASE</Name>
    <Category>Database Server</Category>
  </HashMode>
  <HashMode>
    <ID>8100</ID>
    <Name>Citrix NetScaler (SHA1)</Name>
    <Category>Operating System</Category>
  </HashMode>
  <HashMode>
    <ID>8200</ID>
    <Name>1Password, cloudkeychain</Name>
    <Category>Password Manager</Category>
  </HashMode>
  <HashMode>
    <ID>8300</ID>
    <Name>DNSSEC (NSEC3)</Name>
    <Category>FTP, HTTP, SMTP, LDAP Server</Category>
  </HashMode>
  <HashMode>
    <ID>8400</ID>
    <Name>WBB3 (Woltlab Burning Board)</Name>
    <Category>Forums, CMS, E-Commerce</Category>
    <Ident>regex:(^[0-9a-fA-F]{40}\:(\d{40})$)</Ident>
  </HashMode>
  <HashMode>
    <ID>8500</ID>
    <Name>RACF</Name>
    <Category>Operating System</Category>
    <Ident>$racf$</Ident>
  </HashMode>
  <HashMode>
    <ID>8600</ID>
    <Name>Lotus Notes/Domino 5</Name>
    <Category>Enterprise Application Software (EAS)</Category>
  </HashMode>
  <HashMode>
    <ID>8700</ID>
    <Name>Lotus Notes/Domino 6</Name>
    <Category>Enterprise Application Software (EAS)</Category>
  </HashMode>
  <HashMode>
    <ID>8800</ID>
    <Name>Android FDE &lt;= 4.3</Name>
    <Category>Full-Disk Encryption (FDE)</Category>
  </HashMode>
  <HashMode>
    <ID>8900</ID>
    <Name>scrypt</Name>
    <Category>Generic KDF</Category>
  </HashMode>
  <HashMode>
    <ID>9000</ID>
    <Name>Password Safe v2</Name>
    <Category>Password Manager</Category>
  </HashMode>
  <HashMode>
    <ID>9100</ID>
    <Name>Lotus Notes/Domino 8</Name>
    <Category>Enterprise Application Software (EAS)</Category>
  </HashMode>
  <HashMode>
    <ID>9200</ID>
    <Name>Cisco-IOS $8$ (PBKDF2-SHA256)</Name>
    <Category>Operating System</Category>
    <Ident>regex:(\$8\$)([\S]{50,60})</Ident>
  </HashMode>
  <HashMode>
    <ID>9300</ID>
    <Name>Cisco-IOS $9$ (scrypt)</Name>
    <Category>Operating System</Category>
    <Ident>regex:(\$9\$)([\S]{50,60})</Ident>
  </HashMode>
  <HashMode>
    <ID>9400</ID>
    <Name>MS Office 2007</Name>
    <Category>Document</Category>
    <Ident>$office$*2007*</Ident>
  </HashMode>
  <HashMode>
    <ID>9500</ID>
    <Name>MS Office 2010</Name>
    <Category>Document</Category>
    <Ident>$office$*2010*</Ident>
  </HashMode>
  <HashMode>
    <ID>9600</ID>
    <Name>MS Office 2013</Name>
    <Category>Document</Category>
    <Ident>$office$*2013*</Ident>
  </HashMode>
  <HashMode>
    <ID>9700</ID>
    <Name>MS Office &lt;= 2003 $0/$1, MD5 + RC4</Name>
    <Category>Document</Category>
  </HashMode>
  <HashMode>
    <ID>9710</ID>
    <Name>MS Office &lt;= 2003 $0/$1, MD5 + RC4, collider #1</Name>
    <Category>Document</Category>
  </HashMode>
  <HashMode>
    <ID>9720</ID>
    <Name>MS Office &lt;= 2003 $0/$1, MD5 + RC4, collider #2</Name>
    <Category>Document</Category>
  </HashMode>
  <HashMode>
    <ID>9800</ID>
    <Name>MS Office &lt;= 2003 $3/$4, SHA1 + RC4</Name>
    <Category>Document</Category>
  </HashMode>
  <HashMode>
    <ID>9810</ID>
    <Name>MS Office &lt;= 2003 $3, SHA1 + RC4, collider #1</Name>
    <Category>Document</Category>
  </HashMode>
  <HashMode>
    <ID>9820</ID>
    <Name>MS Office &lt;= 2003 $3, SHA1 + RC4, collider #2</Name>
    <Category>Document</Category>
  </HashMode>
  <HashMode>
    <ID>9900</ID>
    <Name>Radmin2</Name>
    <Category>Operating System</Category>
  </HashMode>
  <HashMode>
    <ID>10000</ID>
    <Name>Django (PBKDF2-SHA256)</Name>
    <Category>Framework</Category>
  </HashMode>
  <HashMode>
    <ID>10100</ID>
    <Name>SipHash</Name>
    <Category>Raw Hash</Category>
  </HashMode>
  <HashMode>
    <ID>10200</ID>
    <Name>CRAM-MD5</Name>
    <Category>Network Protocol</Category>
  </HashMode>
  <HashMode>
    <ID>10300</ID>
    <Name>SAP CODVN H (PWDSALTEDHASH) iSSHA-1</Name>
    <Category>Enterprise Application Software (EAS)</Category>
  </HashMode>
  <HashMode>
    <ID>10400</ID>
    <Name>PDF 1.1 - 1.3 (Acrobat 2 - 4)</Name>
    <Category>Document</Category>
    <Ident>$pdf$1*2*</Ident>
  </HashMode>
  <HashMode>
    <ID>10410</ID>
    <Name>PDF 1.1 - 1.3 (Acrobat 2 - 4), collider #1</Name>
    <Category>Document</Category>
  </HashMode>
  <HashMode>
    <ID>10420</ID>
    <Name>PDF 1.1 - 1.3 (Acrobat 2 - 4), collider #2</Name>
    <Category>Document</Category>
  </HashMode>
  <HashMode>
    <ID>10500</ID>
    <Name>PDF 1.4 - 1.6 (Acrobat 5 - 8)</Name>
    <Category>Document</Category>
    <Ident>$pdf$2*3*</Ident>
  </HashMode>
  <HashMode>
    <ID>10600</ID>
    <Name>PDF 1.7 Level 3 (Acrobat 9)</Name>
    <Category>Document</Category>
    <Ident>$pdf$5*5*</Ident>
  </HashMode>
  <HashMode>
    <ID>10700</ID>
    <Name>PDF 1.7 Level 8 (Acrobat 10 - 11)</Name>
    <Category>Document</Category>
    <Ident>$pdf$5*6*</Ident>
  </HashMode>
  <HashMode>
    <ID>10800</ID>
    <Name>SHA2-384</Name>
    <Category>Raw Hash</Category>
    <Ident>regex:(^[0-9a-fA-F]{96}$)</Ident>
  </HashMode>
  <HashMode>
    <ID>10810</ID>
    <Name>sha384($pass.$salt)</Name>
    <Category>Raw Hash salted and/or iterated</Category>
  </HashMode>
  <HashMode>
    <ID>10820</ID>
    <Name>sha384($salt.$pass)</Name>
    <Category>Raw Hash salted and/or iterated</Category>
  </HashMode>
  <HashMode>
    <ID>10830</ID>
    <Name>sha384(utf16le($pass).$salt)</Name>
    <Category>Raw Hash salted and/or iterated</Category>
  </HashMode>
  <HashMode>
    <ID>10840</ID>
    <Name>sha384($salt.utf16le($pass))</Name>
    <Category>Raw Hash salted and/or iterated</Category>
  </HashMode>
  <HashMode>
    <ID>10870</ID>
    <Name>sha384(utf16le($pass))</Name>
    <Category>Raw Hash</Category>
  </HashMode>
  <HashMode>
    <ID>10900</ID>
    <Name>PBKDF2-HMAC-SHA256</Name>
    <Category>Generic KDF</Category>
  </HashMode>
  <HashMode>
    <ID>10901</ID>
    <Name>RedHat 389-DS LDAP (PBKDF2-HMAC-SHA256)</Name>
    <Category>FTP, HTTP, SMTP, LDAP Server</Category>
  </HashMode>
  <HashMode>
    <ID>11000</ID>
    <Name>PrestaShop</Name>
    <Category>Forums, CMS, E-Commerce</Category>
  </HashMode>
  <HashMode>
    <ID>11100</ID>
    <Name>PostgreSQL CRAM (MD5)</Name>
    <Category>Database Server</Category>
    <Ident>$postgres$</Ident>
  </HashMode>
  <HashMode>
    <ID>11200</ID>
    <Name>MySQL CRAM (SHA1)</Name>
    <Category>Database Server</Category>
    <Ident>$mysqlna$</Ident>
  </HashMode>
  <HashMode>
    <ID>11300</ID>
    <Name>Bitcoin/Litecoin wallet.dat</Name>
    <Category>Cryptocurrency Wallet</Category>
    <Ident>$bitcoin$</Ident>
  </HashMode>
  <HashMode>
    <ID>11400</ID>
    <Name>SIP digest authentication (MD5)</Name>
    <Category>Network Protocol</Category>
    <Ident>$sip$</Ident>
  </HashMode>
  <HashMode>
    <ID>11500</ID>
    <Name>CRC32</Name>
    <Category>Raw Checksum</Category>
  </HashMode>
  <HashMode>
    <ID>11600</ID>
    <Name>7-Zip</Name>
    <Category>Archive</Category>
    <Ident>$7z$</Ident>
  </HashMode>
  <HashMode>
    <ID>11700</ID>
    <Name>GOST R 34.11-2012 (Streebog) 256-bit, big-endian</Name>
    <Category>Raw Hash</Category>
  </HashMode>
  <HashMode>
    <ID>11750</ID>
    <Name>HMAC-Streebog-256 (key = $pass), big-endian</Name>
    <Category>Raw Hash authenticated</Category>
  </HashMode>
  <HashMode>
    <ID>11760</ID>
    <Name>HMAC-Streebog-256 (key = $salt), big-endian</Name>
    <Category>Raw Hash authenticated</Category>
  </HashMode>
  <HashMode>
    <ID>11800</ID>
    <Name>GOST R 34.11-2012 (Streebog) 512-bit, big-endian</Name>
    <Category>Raw Hash</Category>
  </HashMode>
  <HashMode>
    <ID>11850</ID>
    <Name>HMAC-Streebog-512 (key = $pass), big-endian</Name>
    <Category>Raw Hash authenticated</Category>
  </HashMode>
  <HashMode>
    <ID>11860</ID>
    <Name>HMAC-Streebog-512 (key = $salt), big-endian</Name>
    <Category>Raw Hash authenticated</Category>
  </HashMode>
  <HashMode>
    <ID>11900</ID>
    <Name>PBKDF2-HMAC-MD5</Name>
    <Category>Generic KDF</Category>
  </HashMode>
  <HashMode>
    <ID>12000</ID>
    <Name>PBKDF2-HMAC-SHA1</Name>
    <Category>Generic KDF</Category>
  </HashMode>
  <HashMode>
    <ID>12001</ID>
    <Name>Atlassian (PBKDF2-HMAC-SHA1)</Name>
    <Category>Framework</Category>
  </HashMode>
  <HashMode>
    <ID>12100</ID>
    <Name>PBKDF2-HMAC-SHA512</Name>
    <Category>Generic KDF</Category>
  </HashMode>
  <HashMode>
    <ID>12200</ID>
    <Name>eCryptfs</Name>
    <Category>Full-Disk Encryption (FDE)</Category>
    <Ident>$ecryptfs$0$</Ident>
  </HashMode>
  <HashMode>
    <ID>12300</ID>
    <Name>Oracle T: Type (Oracle 12+)</Name>
    <Category>Database Server</Category>
  </HashMode>
  <HashMode>
    <ID>12400</ID>
    <Name>BSDi Crypt, Extended DES</Name>
    <Category>Operating System</Category>
  </HashMode>
  <HashMode>
    <ID>12500</ID>
    <Name>RAR3-hp</Name>
    <Category>Archive</Category>
    <Ident>$RAR3$</Ident>
  </HashMode>
  <HashMode>
    <ID>12600</ID>
    <Name>ColdFusion 10+</Name>
    <Category>FTP, HTTP, SMTP, LDAP Server</Category>
  </HashMode>
  <HashMode>
    <ID>12700</ID>
    <Name>Blockchain, My Wallet</Name>
    <Category>Cryptocurrency Wallet</Category>
    <Ident>$blockchain$</Ident>
  </HashMode>
  <HashMode>
    <ID>12800</ID>
    <Name>MS-AzureSync PBKDF2-HMAC-SHA256</Name>
    <Category>Operating System</Category>
  </HashMode>
  <HashMode>
    <ID>12900</ID>
    <Name>Android FDE (Samsung DEK)</Name>
    <Category>Full-Disk Encryption (FDE)</Category>
  </HashMode>
  <HashMode>
    <ID>13000</ID>
    <Name>RAR5</Name>
    <Category>Archive</Category>
    <Ident>$rar5$</Ident>
  </HashMode>
  <HashMode>
    <ID>13100</ID>
    <Name>Kerberos 5, etype 23, TGS-REP</Name>
    <Category>Network Protocol</Category>
  </HashMode>
  <HashMode>
    <ID>13200</ID>
    <Name>AxCrypt 1</Name>
    <Category>Archive</Category>
    <Ident>$axcrypt$</Ident>
  </HashMode>
  <HashMode>
    <ID>13300</ID>
    <Name>AxCrypt 1 in-memory SHA1</Name>
    <Category>Archive</Category>
    <Ident>$axcrypt_sha1$</Ident>
  </HashMode>
  <HashMode>
    <ID>13400</ID>
    <Name>KeePass 1 (AES/Twofish) and KeePass 2 (AES)</Name>
    <Category>Password Manager</Category>
    <Ident>$keepass$</Ident>
  </HashMode>
  <HashMode>
    <ID>13500</ID>
    <Name>PeopleSoft PS_TOKEN</Name>
    <Category>Enterprise Application Software (EAS)</Category>
  </HashMode>
  <HashMode>
    <ID>13600</ID>
    <Name>WinZip</Name>
    <Category>Archive</Category>
    <Ident>$zip2$</Ident>
  </HashMode>
  <HashMode>
    <ID>13711</ID>
    <Name>VeraCrypt RIPEMD160 + XTS 512 bit (legacy)</Name>
    <Category>Full-Disk Encryption (FDE)</Category>
  </HashMode>
  <HashMode>
    <ID>13712</ID>
    <Name>VeraCrypt RIPEMD160 + XTS 1024 bit (legacy)</Name>
    <Category>Full-Disk Encryption (FDE)</Category>
  </HashMode>
  <HashMode>
    <ID>13713</ID>
    <Name>VeraCrypt RIPEMD160 + XTS 1536 bit (legacy)</Name>
    <Category>Full-Disk Encryption (FDE)</Category>
  </HashMode>
  <HashMode>
    <ID>13721</ID>
    <Name>VeraCrypt SHA512 + XTS 512 bit (legacy)</Name>
    <Category>Full-Disk Encryption (FDE)</Category>
  </HashMode>
  <HashMode>
    <ID>13722</ID>
    <Name>VeraCrypt SHA512 + XTS 1024 bit (legacy)</Name>
    <Category>Full-Disk Encryption (FDE)</Category>
  </HashMode>
  <HashMode>
    <ID>13723</ID>
    <Name>VeraCrypt SHA512 + XTS 1536 bit (legacy)</Name>
    <Category>Full-Disk Encryption (FDE)</Category>
  </HashMode>
  <HashMode>
    <ID>13731</ID>
    <Name>VeraCrypt Whirlpool + XTS 512 bit (legacy)</Name>
    <Category>Full-Disk Encryption (FDE)</Category>
  </HashMode>
  <HashMode>
    <ID>13732</ID>
    <Name>VeraCrypt Whirlpool + XTS 1024 bit (legacy)</Name>
    <Category>Full-Disk Encryption (FDE)</Category>
  </HashMode>
  <HashMode>
    <ID>13733</ID>
    <Name>VeraCrypt Whirlpool + XTS 1536 bit (legacy)</Name>
    <Category>Full-Disk Encryption (FDE)</Category>
  </HashMode>
  <HashMode>
    <ID>13741</ID>
    <Name>VeraCrypt RIPEMD160 + XTS 512 bit + boot-mode (legacy)</Name>
    <Category>Full-Disk Encryption (FDE)</Category>
  </HashMode>
  <HashMode>
    <ID>13742</ID>
    <Name>VeraCrypt RIPEMD160 + XTS 1024 bit + boot-mode (legacy)</Name>
    <Category>Full-Disk Encryption (FDE)</Category>
  </HashMode>
  <HashMode>
    <ID>13743</ID>
    <Name>VeraCrypt RIPEMD160 + XTS 1536 bit + boot-mode (legacy)</Name>
    <Category>Full-Disk Encryption (FDE)</Category>
  </HashMode>
  <HashMode>
    <ID>13751</ID>
    <Name>VeraCrypt SHA256 + XTS 512 bit (legacy)</Name>
    <Category>Full-Disk Encryption (FDE)</Category>
  </HashMode>
  <HashMode>
    <ID>13752</ID>
    <Name>VeraCrypt SHA256 + XTS 1024 bit (legacy)</Name>
    <Category>Full-Disk Encryption (FDE)</Category>
  </HashMode>
  <HashMode>
    <ID>13753</ID>
    <Name>VeraCrypt SHA256 + XTS 1536 bit (legacy)</Name>
    <Category>Full-Disk Encryption (FDE)</Category>
  </HashMode>
  <HashMode>
    <ID>13761</ID>
    <Name>VeraCrypt SHA256 + XTS 512 bit + boot-mode (legacy)</Name>
    <Category>Full-Disk Encryption (FDE)</Category>
  </HashMode>
  <HashMode>
    <ID>13762</ID>
    <Name>VeraCrypt SHA256 + XTS 1024 bit + boot-mode (legacy)</Name>
    <Category>Full-Disk Encryption (FDE)</Category>
  </HashMode>
  <HashMode>
    <ID>13763</ID>
    <Name>VeraCrypt SHA256 + XTS 1536 bit + boot-mode (legacy)</Name>
    <Category>Full-Disk Encryption (FDE)</Category>
  </HashMode>
  <HashMode>
    <ID>13771</ID>
    <Name>VeraCrypt Streebog-512 + XTS 512 bit (legacy)</Name>
    <Category>Full-Disk Encryption (FDE)</Category>
  </HashMode>
  <HashMode>
    <ID>13772</ID>
    <Name>VeraCrypt Streebog-512 + XTS 1024 bit (legacy)</Name>
    <Category>Full-Disk Encryption (FDE)</Category>
  </HashMode>
  <HashMode>
    <ID>13773</ID>
    <Name>VeraCrypt Streebog-512 + XTS 1536 bit (legacy)</Name>
    <Category>Full-Disk Encryption (FDE)</Category>
  </HashMode>
  <HashMode>
    <ID>13781</ID>
    <Name>VeraCrypt Streebog-512 + XTS 512 bit + boot-mode (legacy)</Name>
    <Category>Full-Disk Encryption (FDE)</Category>
  </HashMode>
  <HashMode>
    <ID>13782</ID>
    <Name>VeraCrypt Streebog-512 + XTS 1024 bit + boot-mode (legacy)</Name>
    <Category>Full-Disk Encryption (FDE)</Category>
  </HashMode>
  <HashMode>
    <ID>13783</ID>
    <Name>VeraCrypt Streebog-512 + XTS 1536 bit + boot-mode (legacy)</Name>
    <Category>Full-Disk Encryption (FDE)</Category>
  </HashMode>
  <HashMode>
    <ID>13800</ID>
    <Name>Windows Phone 8+ PIN/password</Name>
    <Category>Operating System</Category>
  </HashMode>
  <HashMode>
    <ID>13900</ID>
    <Name>OpenCart</Name>
    <Category>Forums, CMS, E-Commerce</Category>
  </HashMode>
  <HashMode>
    <ID>14000</ID>
    <Name>DES (PT = $salt, key = $pass)</Name>
    <Category>Raw Cipher, Known-plaintext attack</Category>
  </HashMode>
  <HashMode>
    <ID>14100</ID>
    <Name>3DES (PT = $salt, key = $pass)</Name>
    <Category>Raw Cipher, Known-plaintext attack</Category>
  </HashMode>
  <HashMode>
    <ID>14400</ID>
    <Name>sha1(CX)</Name>
    <Category>Raw Hash salted and/or iterated</Category>
  </HashMode>
  <HashMode>
    <ID>14500</ID>
    <Name>Linux Kernel Crypto API (2.4)</Name>
    <Category>Raw Cipher, Known-plaintext attack</Category>
  </HashMode>
  <HashMode>
    <ID>14600</ID>
    <Name>LUKS v1 (legacy)</Name>
    <Category>Full-Disk Encryption (FDE)</Category>
  </HashMode>
  <HashMode>
    <ID>14700</ID>
    <Name>iTunes backup &lt; 10.0</Name>
    <Category>Archive</Category>
  </HashMode>
  <HashMode>
    <ID>14800</ID>
    <Name>iTunes backup &gt;= 10.0</Name>
    <Category>Archive</Category>
  </HashMode>
  <HashMode>
    <ID>14900</ID>
    <Name>Skip32 (PT = $salt, key = $pass)</Name>
    <Category>Raw Cipher, Known-plaintext attack</Category>
  </HashMode>
  <HashMode>
    <ID>15000</ID>
    <Name>FileZilla Server &gt;= 0.9.55</Name>
    <Category>FTP, HTTP, SMTP, LDAP Server</Category>
  </HashMode>
  <HashMode>
    <ID>15100</ID>
    <Name>Juniper/NetBSD sha1crypt</Name>
    <Category>Operating System</Category>
  </HashMode>
  <HashMode>
    <ID>15200</ID>
    <Name>Blockchain, My Wallet, V2</Name>
    <Category>Cryptocurrency Wallet</Category>
    <Ident>$blockchain$v2$</Ident>
  </HashMode>
  <HashMode>
    <ID>15300</ID>
    <Name>DPAPI masterkey file v1 (context 1 and 2)</Name>
    <Category>Operating System</Category>
  </HashMode>
  <HashMode>
    <ID>15310</ID>
    <Name>DPAPI masterkey file v1 (context 3)</Name>
    <Category>Operating System</Category>
  </HashMode>
  <HashMode>
    <ID>15400</ID>
    <Name>ChaCha20</Name>
    <Category>Raw Cipher, Known-plaintext attack</Category>
  </HashMode>
  <HashMode>
    <ID>15500</ID>
    <Name>JKS Java Key Store Private Keys (SHA1)</Name>
    <Category>Private Key</Category>
  </HashMode>
  <HashMode>
    <ID>15600</ID>
    <Name>Ethereum Wallet, PBKDF2-HMAC-SHA256</Name>
    <Category>Cryptocurrency Wallet</Category>
    <Ident>$ethereum$p*</Ident>
  </HashMode>
  <HashMode>
    <ID>15700</ID>
    <Name>Ethereum Wallet, SCRYPT</Name>
    <Category>Cryptocurrency Wallet</Category>
    <Ident>$ethereum$s*</Ident>
  </HashMode>
  <HashMode>
    <ID>15900</ID>
    <Name>DPAPI masterkey file v2 (context 1 and 2)</Name>
    <Category>Operating System</Category>
  </HashMode>
  <HashMode>
    <ID>15910</ID>
    <Name>DPAPI masterkey file v2 (context 3)</Name>
    <Category>Operating System</Category>
  </HashMode>
  <HashMode>
    <ID>16000</ID>
    <Name>Tripcode</Name>
    <Category>Forums, CMS, E-Commerce</Category>
  </HashMode>
  <HashMode>
    <ID>16100</ID>
    <Name>TACACS+</Name>
    <Category>Network Protocol</Category>
  </HashMode>
  <HashMode>
    <ID>16200</ID>
    <Name>Apple Secure Notes</Name>
    <Category>Document</Category>
  </HashMode>
  <HashMode>
    <ID>16300</ID>
    <Name>Ethereum Pre-Sale Wallet, PBKDF2-HMAC-SHA256</Name>
    <Category>Cryptocurrency Wallet</Category>
    <Ident>$ethereum$w*</Ident>
  </HashMode>
  <HashMode>
    <ID>16400</ID>
    <Name>CRAM-MD5 Dovecot</Name>
    <Category>FTP, HTTP, SMTP, LDAP Server</Category>
  </HashMode>
  <HashMode>
    <ID>16500</ID>
    <Name>JWT (JSON Web Token)</Name>
    <Category>Network Protocol</Category>
  </HashMode>
  <HashMode>
    <ID>16600</ID>
    <Name>Electrum Wallet (Salt-Type 1-3)</Name>
    <Category>Cryptocurrency Wallet</Category>
    <Ident>$electrum$1*</Ident>
  </HashMode>
  <HashMode>
    <ID>16700</ID>
    <Name>FileVault 2</Name>
    <Category>Full-Disk Encryption (FDE)</Category>
    <Ident>$fvde$1$</Ident>
  </HashMode>
  <HashMode>
    <ID>16800</ID>
    <Name>WPA-PMKID-PBKDF2</Name>
    <Category>Network Protocol</Category>
  </HashMode>
  <HashMode>
    <ID>16801</ID>
    <Name>WPA-PMKID-PMK</Name>
    <Category>Network Protocol</Category>
  </HashMode>
  <HashMode>
    <ID>16900</ID>
    <Name>Ansible Vault</Name>
    <Category>Password Manager</Category>
  </HashMode>
  <HashMode>
    <ID>17010</ID>
    <Name>GPG (AES-128/AES-256 (SHA-1($pass)))</Name>
    <Category>Private Key</Category>
  </HashMode>
  <HashMode>
    <ID>17020</ID>
    <Name>GPG (AES-128/AES-256 (SHA-512($pass)))</Name>
    <Category>Private Key</Category>
  </HashMode>
  <HashMode>
    <ID>17030</ID>
    <Name>GPG (AES-128/AES-256 (SHA-256($pass)))</Name>
    <Category>Private Key</Category>
  </HashMode>
  <HashMode>
    <ID>17200</ID>
    <Name>PKZIP (Compressed)</Name>
    <Category>Archive</Category>
  </HashMode>
  <HashMode>
    <ID>17210</ID>
    <Name>PKZIP (Uncompressed)</Name>
    <Category>Archive</Category>
  </HashMode>
  <HashMode>
    <ID>17220</ID>
    <Name>PKZIP (Compressed Multi-File)</Name>
    <Category>Archive</Category>
  </HashMode>
  <HashMode>
    <ID>17225</ID>
    <Name>PKZIP (Mixed Multi-File)</Name>
    <Category>Archive</Category>
  </HashMode>
  <HashMode>
    <ID>17230</ID>
    <Name>PKZIP (Mixed Multi-File Checksum-Only)</Name>
    <Category>Archive</Category>
  </HashMode>
  <HashMode>
    <ID>17300</ID>
    <Name>SHA3-224</Name>
    <Category>Raw Hash</Category>
  </HashMode>
  <HashMode>
    <ID>17400</ID>
    <Name>SHA3-256</Name>
    <Category>Raw Hash</Category>
  </HashMode>
  <HashMode>
    <ID>17500</ID>
    <Name>SHA3-384</Name>
    <Category>Raw Hash</Category>
  </HashMode>
  <HashMode>
    <ID>17600</ID>
    <Name>SHA3-512</Name>
    <Category>Raw Hash</Category>
  </HashMode>
  <HashMode>
    <ID>17700</ID>
    <Name>Keccak-224</Name>
    <Category>Raw Hash</Category>
  </HashMode>
  <HashMode>
    <ID>17800</ID>
    <Name>Keccak-256</Name>
    <Category>Raw Hash</Category>
  </HashMode>
  <HashMode>
    <ID>17900</ID>
    <Name>Keccak-384</Name>
    <Category>Raw Hash</Category>
  </HashMode>
  <HashMode>
    <ID>18000</ID>
    <Name>Keccak-512</Name>
    <Category>Raw Hash</Category>
  </HashMode>
  <HashMode>
    <ID>18100</ID>
    <Name>TOTP (HMAC-SHA1)</Name>
    <Category>One-Time Password</Category>
  </HashMode>
  <HashMode>
    <ID>18200</ID>
    <Name>Kerberos 5, etype 23, AS-REP</Name>
    <Category>Network Protocol</Category>
  </HashMode>
  <HashMode>
    <ID>18300</ID>
    <Name>Apple File System (APFS)</Name>
    <Category>Full-Disk Encryption (FDE)</Category>
    <Ident>$fvde$2$</Ident>
  </HashMode>
  <HashMode>
    <ID>18400</ID>
    <Name>Open Document Format (ODF) 1.2 (SHA-256, AES)</Name>
    <Category>Document</Category>
  </HashMode>
  <HashMode>
    <ID>18500</ID>
    <Name>sha1(md5(md5($pass)))</Name>
    <Category>Raw Hash salted and/or iterated</Category>
  </HashMode>
  <HashMode>
    <ID>18600</ID>
    <Name>Open Document Format (ODF) 1.1 (SHA-1, Blowfish)</Name>
    <Category>Document</Category>
  </HashMode>
  <HashMode>
    <ID>18700</ID>
    <Name>Java Object hashCode()</Name>
    <Category>Raw Checksum</Category>
  </HashMode>
  <HashMode>
    <ID>18800</ID>
    <Name>Blockchain, My Wallet, Second Password (SHA256)</Name>
    <Category>Cryptocurrency Wallet</Category>
  </HashMode>
  <HashMode>
    <ID>18900</ID>
    <Name>Android Backup</Name>
    <Category>Archive</Category>
  </HashMode>
  <HashMode>
    <ID>19000</ID>
    <Name>QNX /etc/shadow (MD5)</Name>
    <Category>Operating System</Category>
  </HashMode>
  <HashMode>
    <ID>19100</ID>
    <Name>QNX /etc/shadow (SHA256)</Name>
    <Category>Operating System</Category>
  </HashMode>
  <HashMode>
    <ID>19200</ID>
    <Name>QNX /etc/shadow (SHA512)</Name>
    <Category>Operating System</Category>
  </HashMode>
  <HashMode>
    <ID>19300</ID>
    <Name>sha1($salt1.$pass.$salt2)</Name>
    <Category>Raw Hash salted and/or iterated</Category>
  </HashMode>
  <HashMode>
    <ID>19500</ID>
    <Name>Ruby on Rails Restful-Authentication</Name>
    <Category>Framework</Category>
  </HashMode>
  <HashMode>
    <ID>19600</ID>
    <Name>Kerberos 5, etype 17, TGS-REP</Name>
    <Category>Network Protocol</Category>
  </HashMode>
  <HashMode>
    <ID>19700</ID>
    <Name>Kerberos 5, etype 18, TGS-REP</Name>
    <Category>Network Protocol</Category>
  </HashMode>
  <HashMode>
    <ID>19800</ID>
    <Name>Kerberos 5, etype 17, Pre-Auth</Name>
    <Category>Network Protocol</Category>
  </HashMode>
  <HashMode>
    <ID>19900</ID>
    <Name>Kerberos 5, etype 18, Pre-Auth</Name>
    <Category>Network Protocol</Category>
  </HashMode>
  <HashMode>
    <ID>20011</ID>
    <Name>DiskCryptor SHA512 + XTS 512 bit</Name>
    <Category>Full-Disk Encryption (FDE)</Category>
  </HashMode>
  <HashMode>
    <ID>20012</ID>
    <Name>DiskCryptor SHA512 + XTS 1024 bit</Name>
    <Category>Full-Disk Encryption (FDE)</Category>
  </HashMode>
  <HashMode>
    <ID>20013</ID>
    <Name>DiskCryptor SHA512 + XTS 1536 bit</Name>
    <Category>Full-Disk Encryption (FDE)</Category>
  </HashMode>
  <HashMode>
    <ID>20200</ID>
    <Name>Python passlib pbkdf2-sha512</Name>
    <Category>Framework</Category>
  </HashMode>
  <HashMode>
    <ID>20300</ID>
    <Name>Python passlib pbkdf2-sha256</Name>
    <Category>Framework</Category>
  </HashMode>
  <HashMode>
    <ID>20400</ID>
    <Name>Python passlib pbkdf2-sha1</Name>
    <Category>Framework</Category>
  </HashMode>
  <HashMode>
    <ID>20500</ID>
    <Name>PKZIP Master Key</Name>
    <Category>Archive</Category>
  </HashMode>
  <HashMode>
    <ID>20510</ID>
    <Name>PKZIP Master Key (6 byte optimization)</Name>
    <Category>Archive</Category>
  </HashMode>
  <HashMode>
    <ID>20600</ID>
    <Name>Oracle Transportation Management (SHA256)</Name>
    <Category>Enterprise Application Software (EAS)</Category>
  </HashMode>
  <HashMode>
    <ID>20710</ID>
    <Name>sha256(sha256($pass).$salt)</Name>
    <Category>Raw Hash salted and/or iterated</Category>
  </HashMode>
  <HashMode>
    <ID>20711</ID>
    <Name>AuthMe sha256</Name>
    <Category>Enterprise Application Software (EAS)</Category>
  </HashMode>
  <HashMode>
    <ID>20720</ID>
    <Name>sha256($salt.sha256($pass))</Name>
    <Category>Raw Hash salted and/or iterated</Category>
  </HashMode>
  <HashMode>
    <ID>20800</ID>
    <Name>sha256(md5($pass))</Name>
    <Category>Raw Hash salted and/or iterated</Category>
  </HashMode>
  <HashMode>
    <ID>20900</ID>
    <Name>md5(sha1($pass).md5($pass).sha1($pass))</Name>
    <Category>Raw Hash salted and/or iterated</Category>
  </HashMode>
  <HashMode>
    <ID>21000</ID>
    <Name>BitShares v0.x - sha512(sha512_bin(pass))</Name>
    <Category>Cryptocurrency Wallet</Category>
  </HashMode>
  <HashMode>
    <ID>21100</ID>
    <Name>sha1(md5($pass.$salt))</Name>
    <Category>Raw Hash salted and/or iterated</Category>
  </HashMode>
  <HashMode>
    <ID>21200</ID>
    <Name>md5(sha1($salt).md5($pass))</Name>
    <Category>Raw Hash salted and/or iterated</Category>
  </HashMode>
  <HashMode>
    <ID>21300</ID>
    <Name>md5($salt.sha1($salt.$pass))</Name>
    <Category>Raw Hash salted and/or iterated</Category>
  </HashMode>
  <HashMode>
    <ID>21400</ID>
    <Name>sha256(sha256_bin($pass))</Name>
    <Category>Raw Hash salted and/or iterated</Category>
  </HashMode>
  <HashMode>
    <ID>21420</ID>
    <Name>sha256($salt.sha256_bin($pass))</Name>
    <Category>Raw Hash salted and/or iterated</Category>
  </HashMode>
  <HashMode>
    <ID>21500</ID>
    <Name>SolarWinds Orion</Name>
    <Category>Enterprise Application Software (EAS)</Category>
  </HashMode>
  <HashMode>
    <ID>21501</ID>
    <Name>SolarWinds Orion v2</Name>
    <Category>Enterprise Application Software (EAS)</Category>
  </HashMode>
  <HashMode>
    <ID>21600</ID>
    <Name>Web2py pbkdf2-sha512</Name>
    <Category>Framework</Category>
  </HashMode>
  <HashMode>
    <ID>21700</ID>
    <Name>Electrum Wallet (Salt-Type 4)</Name>
    <Category>Cryptocurrency Wallet</Category>
  </HashMode>
  <HashMode>
    <ID>21800</ID>
    <Name>Electrum Wallet (Salt-Type 5)</Name>
    <Category>Cryptocurrency Wallet</Category>
  </HashMode>
  <HashMode>
    <ID>22000</ID>
    <Name>WPA-PBKDF2-PMKID+EAPOL</Name>
    <Category>Network Protocol</Category>
  </HashMode>
  <HashMode>
    <ID>22001</ID>
    <Name>WPA-PMK-PMKID+EAPOL</Name>
    <Category>Network Protocol</Category>
  </HashMode>
  <HashMode>
    <ID>22100</ID>
    <Name>BitLocker</Name>
    <Category>Full-Disk Encryption (FDE)</Category>
  </HashMode>
  <HashMode>
    <ID>22200</ID>
    <Name>Citrix NetScaler (SHA512)</Name>
    <Category>Operating System</Category>
  </HashMode>
  <HashMode>
    <ID>22300</ID>
    <Name>sha256($salt.$pass.$salt)</Name>
    <Category>Raw Hash salted and/or iterated</Category>
  </HashMode>
  <HashMode>
    <ID>22301</ID>
    <Name>Telegram Mobile App Passcode (SHA256)</Name>
    <Category>Instant Messaging Service</Category>
  </HashMode>
  <HashMode>
    <ID>22400</ID>
    <Name>AES Crypt (SHA256)</Name>
    <Category>Full-Disk Encryption (FDE)</Category>
  </HashMode>
  <HashMode>
    <ID>22500</ID>
    <Name>MultiBit Classic .key (MD5)</Name>
    <Category>Cryptocurrency Wallet</Category>
  </HashMode>
  <HashMode>
    <ID>22600</ID>
    <Name>Telegram Desktop &lt; v2.1.14 (PBKDF2-HMAC-SHA1)</Name>
    <Category>Instant Messaging Service</Category>
  </HashMode>
  <HashMode>
    <ID>22700</ID>
    <Name>MultiBit HD (scrypt)</Name>
    <Category>Cryptocurrency Wallet</Category>
  </HashMode>
  <HashMode>
    <ID>22911</ID>
    <Name>RSA/DSA/EC/OpenSSH Private Keys ($0$)</Name>
    <Category>Private Key</Category>
  </HashMode>
  <HashMode>
    <ID>22921</ID>
    <Name>RSA/DSA/EC/OpenSSH Private Keys ($6$)</Name>
    <Category>Private Key</Category>
  </HashMode>
  <HashMode>
    <ID>22931</ID>
    <Name>RSA/DSA/EC/OpenSSH Private Keys ($1, $3$)</Name>
    <Category>Private Key</Category>
  </HashMode>
  <HashMode>
    <ID>22941</ID>
    <Name>RSA/DSA/EC/OpenSSH Private Keys ($4$)</Name>
    <Category>Private Key</Category>
  </HashMode>
  <HashMode>
    <ID>22951</ID>
    <Name>RSA/DSA/EC/OpenSSH Private Keys ($5$)</Name>
    <Category>Private Key</Category>
  </HashMode>
  <HashMode>
    <ID>23001</ID>
    <Name>SecureZIP AES-128</Name>
    <Category>Archive</Category>
  </HashMode>
  <HashMode>
    <ID>23002</ID>
    <Name>SecureZIP AES-192</Name>
    <Category>Archive</Category>
  </HashMode>
  <HashMode>
    <ID>23003</ID>
    <Name>SecureZIP AES-256</Name>
    <Category>Archive</Category>
  </HashMode>
  <HashMode>
    <ID>23100</ID>
    <Name>Apple Keychain</Name>
    <Category>Password Manager</Category>
  </HashMode>
  <HashMode>
    <ID>23200</ID>
    <Name>XMPP SCRAM PBKDF2-SHA1</Name>
    <Category>Instant Messaging Service</Category>
  </HashMode>
  <HashMode>
    <ID>23300</ID>
    <Name>Apple iWork</Name>
    <Category>Document</Category>
  </HashMode>
  <HashMode>
    <ID>23400</ID>
    <Name>Bitwarden</Name>
    <Category>Password Manager</Category>
  </HashMode>
  <HashMode>
    <ID>23500</ID>
    <Name>AxCrypt 2 AES-128</Name>
    <Category>Archive</Category>
  </HashMode>
  <HashMode>
    <ID>23600</ID>
    <Name>AxCrypt 2 AES-256</Name>
    <Category>Archive</Category>
  </HashMode>
  <HashMode>
    <ID>23700</ID>
    <Name>RAR3-p (Uncompressed)</Name>
    <Category>Archive</Category>
  </HashMode>
  <HashMode>
    <ID>23800</ID>
    <Name>RAR3-p (Compressed)</Name>
    <Category>Archive</Category>
  </HashMode>
  <HashMode>
    <ID>23900</ID>
    <Name>BestCrypt v3 Volume Encryption</Name>
    <Category>Full-Disk Encryption (FDE)</Category>
  </HashMode>
  <HashMode>
    <ID>24100</ID>
    <Name>MongoDB ServerKey SCRAM-SHA-1</Name>
    <Category>Database Server</Category>
  </HashMode>
  <HashMode>
    <ID>24200</ID>
    <Name>MongoDB ServerKey SCRAM-SHA-256</Name>
    <Category>Database Server</Category>
  </HashMode>
  <HashMode>
    <ID>24300</ID>
    <Name>sha1($salt.sha1($pass.$salt))</Name>
    <Category>Raw Hash salted and/or iterated</Category>
  </HashMode>
  <HashMode>
    <ID>24410</ID>
    <Name>PKCS#8 Private Keys (PBKDF2-HMAC-SHA1 + 3DES/AES)</Name>
    <Category>Private Key</Category>
  </HashMode>
  <HashMode>
    <ID>24420</ID>
    <Name>PKCS#8 Private Keys (PBKDF2-HMAC-SHA256 + 3DES/AES)</Name>
    <Category>Private Key</Category>
  </HashMode>
  <HashMode>
    <ID>24500</ID>
    <Name>Telegram Desktop &gt;= v2.1.14 (PBKDF2-HMAC-SHA512)</Name>
    <Category>Instant Messaging Service</Category>
  </HashMode>
  <HashMode>
    <ID>24600</ID>
    <Name>SQLCipher</Name>
    <Category>Database Server</Category>
  </HashMode>
  <HashMode>
    <ID>24700</ID>
    <Name>Stuffit5</Name>
    <Category>Archive</Category>
  </HashMode>
  <HashMode>
    <ID>24800</ID>
    <Name>Umbraco HMAC-SHA1</Name>
    <Category>Forums, CMS, E-Commerce</Category>
  </HashMode>
  <HashMode>
    <ID>24900</ID>
    <Name>Dahua Authentication MD5</Name>
    <Category>FTP, HTTP, SMTP, LDAP Server</Category>
  </HashMode>
  <HashMode>
    <ID>25000</ID>
    <Name>SNMPv3 HMAC-MD5-96/HMAC-SHA1-96</Name>
    <Category>Network Protocol</Category>
  </HashMode>
  <HashMode>
    <ID>25100</ID>
    <Name>SNMPv3 HMAC-MD5-96</Name>
    <Category>Network Protocol</Category>
  </HashMode>
  <HashMode>
    <ID>25200</ID>
    <Name>SNMPv3 HMAC-SHA1-96</Name>
    <Category>Network Protocol</Category>
  </HashMode>
  <HashMode>
    <ID>25300</ID>
    <Name>MS Office 2016 - SheetProtection</Name>
    <Category>Document</Category>
  </HashMode>
  <HashMode>
    <ID>25400</ID>
    <Name>PDF 1.4 - 1.6 (Acrobat 5 - 8) - user and owner pass</Name>
    <Category>Document</Category>
  </HashMode>
  <HashMode>
    <ID>25500</ID>
    <Name>Stargazer Stellar Wallet XLM</Name>
    <Category>Cryptocurrency Wallet</Category>
  </HashMode>
  <HashMode>
    <ID>25600</ID>
    <Name>bcrypt(md5($pass)) / bcryptmd5</Name>
    <Category>Forums, CMS, E-Commerce</Category>
  </HashMode>
  <HashMode>
    <ID>25700</ID>
    <Name>MurmurHash</Name>
    <Category>Raw Checksum</Category>
  </HashMode>
  <HashMode>
    <ID>25800</ID>
    <Name>bcrypt(sha1($pass)) / bcryptsha1</Name>
    <Category>Forums, CMS, E-Commerce</Category>
  </HashMode>
  <HashMode>
    <ID>25900</ID>
    <Name>KNX IP Secure - Device Authentication Code</Name>
    <Category>FTP, HTTP, SMTP, LDAP Server</Category>
  </HashMode>
  <HashMode>
    <ID>26000</ID>
    <Name>Mozilla key3.db</Name>
    <Category>Password Manager</Category>
  </HashMode>
  <HashMode>
    <ID>26100</ID>
    <Name>Mozilla key4.db</Name>
    <Category>Password Manager</Category>
  </HashMode>
  <HashMode>
    <ID>26200</ID>
    <Name>OpenEdge Progress Encode</Name>
    <Category>Enterprise Application Software (EAS)</Category>
  </HashMode>
  <HashMode>
    <ID>26300</ID>
    <Name>FortiGate256 (FortiOS256)</Name>
    <Category>Operating System</Category>
  </HashMode>
  <HashMode>
    <ID>26401</ID>
    <Name>AES-128-ECB NOKDF (PT = $salt, key = $pass)</Name>
    <Category>Raw Cipher, Known-plaintext attack</Category>
  </HashMode>
  <HashMode>
    <ID>26402</ID>
    <Name>AES-192-ECB NOKDF (PT = $salt, key = $pass)</Name>
    <Category>Raw Cipher, Known-plaintext attack</Category>
  </HashMode>
  <HashMode>
    <ID>26403</ID>
    <Name>AES-256-ECB NOKDF (PT = $salt, key = $pass)</Name>
    <Category>Raw Cipher, Known-plaintext attack</Category>
  </HashMode>
  <HashMode>
    <ID>26500</ID>
    <Name>iPhone passcode (UID key + System Keybag)</Name>
    <Category>Operating System</Category>
  </HashMode>
  <HashMode>
    <ID>26600</ID>
    <Name>MetaMask Wallet (needs all data, checks AES-GCM tag)</Name>
    <Category>Cryptocurrency Wallet</Category>
  </HashMode>
  <HashMode>
    <ID>26610</ID>
    <Name>MetaMask Wallet (short hash, plaintext check)</Name>
    <Category>Cryptocurrency Wallet</Category>
  </HashMode>
  <HashMode>
    <ID>26700</ID>
    <Name>SNMPv3 HMAC-SHA224-128</Name>
    <Category>Network Protocol</Category>
  </HashMode>
  <HashMode>
    <ID>26800</ID>
    <Name>SNMPv3 HMAC-SHA256-192</Name>
    <Category>Network Protocol</Category>
  </HashMode>
  <HashMode>
    <ID>26900</ID>
    <Name>SNMPv3 HMAC-SHA384-256</Name>
    <Category>Network Protocol</Category>
  </HashMode>
  <HashMode>
    <ID>27000</ID>
    <Name>NetNTLMv1 / NetNTLMv1+ESS (NT)</Name>
    <Category>Network Protocol</Category>
  </HashMode>
  <HashMode>
    <ID>27100</ID>
    <Name>NetNTLMv2 (NT)</Name>
    <Category>Network Protocol</Category>
  </HashMode>
  <HashMode>
    <ID>27200</ID>
    <Name>Ruby on Rails Restful Auth (one round, no sitekey)</Name>
    <Category>Framework</Category>
  </HashMode>
  <HashMode>
    <ID>27300</ID>
    <Name>SNMPv3 HMAC-SHA512-384</Name>
    <Category>Network Protocol</Category>
  </HashMode>
  <HashMode>
    <ID>27400</ID>
    <Name>VMware VMX (PBKDF2-HMAC-SHA1 + AES-256-CBC)</Name>
    <Category>Full-Disk Encryption (FDE)</Category>
  </HashMode>
  <HashMode>
    <ID>27500</ID>
    <Name>VirtualBox (PBKDF2-HMAC-SHA256 &amp; AES-128-XTS)</Name>
    <Category>Full-Disk Encryption (FDE)</Category>
  </HashMode>
  <HashMode>
    <ID>27600</ID>
    <Name>VirtualBox (PBKDF2-HMAC-SHA256 &amp; AES-256-XTS)</Name>
    <Category>Full-Disk Encryption (FDE)</Category>
  </HashMode>
  <HashMode>
    <ID>27700</ID>
    <Name>MultiBit Classic .wallet (scrypt)</Name>
    <Category>Cryptocurrency Wallet</Category>
  </HashMode>
  <HashMode>
    <ID>27800</ID>
    <Name>MurmurHash3</Name>
    <Category>Raw Checksum</Category>
  </HashMode>
  <HashMode>
    <ID>27900</ID>
    <Name>CRC32C</Name>
    <Category>Raw Checksum</Category>
  </HashMode>
  <HashMode>
    <ID>28000</ID>
    <Name>CRC64Jones</Name>
    <Category>Raw Checksum</Category>
  </HashMode>
  <HashMode>
    <ID>28100</ID>
    <Name>Windows Hello PIN/Password</Name>
    <Category>Operating System</Category>
  </HashMode>
  <HashMode>
    <ID>28200</ID>
    <Name>Exodus Desktop Wallet (scrypt)</Name>
    <Category>Cryptocurrency Wallet</Category>
  </HashMode>
  <HashMode>
    <ID>28300</ID>
    <Name>Teamspeak 3 (channel hash)</Name>
    <Category>Instant Messaging Service</Category>
  </HashMode>
  <HashMode>
    <ID>28400</ID>
    <Name>bcrypt(sha512($pass)) / bcryptsha512</Name>
    <Category>Forums, CMS, E-Commerce</Category>
  </HashMode>
  <HashMode>
    <ID>28501</ID>
    <Name>Bitcoin WIF private key (P2PKH), compressed</Name>
    <Category>Cryptocurrency Wallet</Category>
  </HashMode>
  <HashMode>
    <ID>28502</ID>
    <Name>Bitcoin WIF private key (P2PKH), uncompressed</Name>
    <Category>Cryptocurrency Wallet</Category>
  </HashMode>
  <HashMode>
    <ID>28503</ID>
    <Name>Bitcoin WIF private key (P2WPKH, Bech32), compressed</Name>
    <Category>Cryptocurrency Wallet</Category>
  </HashMode>
  <HashMode>
    <ID>28504</ID>
    <Name>Bitcoin WIF private key (P2WPKH, Bech32), uncompressed</Name>
    <Category>Cryptocurrency Wallet</Category>
  </HashMode>
  <HashMode>
    <ID>28505</ID>
    <Name>Bitcoin WIF private key (P2SH(P2WPKH)), compressed</Name>
    <Category>Cryptocurrency Wallet</Category>
  </HashMode>
  <HashMode>
    <ID>28506</ID>
    <Name>Bitcoin WIF private key (P2SH(P2WPKH)), uncompressed</Name>
    <Category>Cryptocurrency Wallet</Category>
  </HashMode>
  <HashMode>
    <ID>28600</ID>
    <Name>PostgreSQL SCRAM-SHA-256</Name>
    <Category>Database Server</Category>
  </HashMode>
  <HashMode>
    <ID>28700</ID>
    <Name>Amazon AWS4-HMAC-SHA256</Name>
    <Category>Raw Hash authenticated</Category>
  </HashMode>
  <HashMode>
    <ID>28800</ID>
    <Name>Kerberos 5, etype 17, DB</Name>
    <Category>Network Protocol</Category>
  </HashMode>
  <HashMode>
    <ID>28900</ID>
    <Name>Kerberos 5, etype 18, DB</Name>
    <Category>Network Protocol</Category>
  </HashMode>
  <HashMode>
    <ID>29000</ID>
    <Name>sha1($salt.sha1(utf16le($username).':'.utf16le($pass)))</Name>
    <Category>Operating System</Category>
  </HashMode>
  <HashMode>
    <ID>29100</ID>
    <Name>Flask Session Cookie ($salt.$salt.$pass)</Name>
    <Category>Network Protocol</Category>
  </HashMode>
  <HashMode>
    <ID>29200</ID>
    <Name>Radmin3</Name>
    <Category>Network Protocol</Category>
  </HashMode>
  <HashMode>
    <ID>29311</ID>
    <Name>TrueCrypt RIPEMD160 + XTS 512 bit</Name>
    <Category>Full-Disk Encryption (FDE)</Category>
  </HashMode>
  <HashMode>
    <ID>29312</ID>
    <Name>TrueCrypt RIPEMD160 + XTS 1024 bit</Name>
    <Category>Full-Disk Encryption (FDE)</Category>
  </HashMode>
  <HashMode>
    <ID>29313</ID>
    <Name>TrueCrypt RIPEMD160 + XTS 1536 bit</Name>
    <Category>Full-Disk Encryption (FDE)</Category>
  </HashMode>
  <HashMode>
    <ID>29321</ID>
    <Name>TrueCrypt SHA512 + XTS 512 bit</Name>
    <Category>Full-Disk Encryption (FDE)</Category>
  </HashMode>
  <HashMode>
    <ID>29322</ID>
    <Name>TrueCrypt SHA512 + XTS 1024 bit</Name>
    <Category>Full-Disk Encryption (FDE)</Category>
  </HashMode>
  <HashMode>
    <ID>29323</ID>
    <Name>TrueCrypt SHA512 + XTS 1536 bit</Name>
    <Category>Full-Disk Encryption (FDE)</Category>
  </HashMode>
  <HashMode>
    <ID>29331</ID>
    <Name>TrueCrypt Whirlpool + XTS 512 bit</Name>
    <Category>Full-Disk Encryption (FDE)</Category>
  </HashMode>
  <HashMode>
    <ID>29332</ID>
    <Name>TrueCrypt Whirlpool + XTS 1024 bit</Name>
    <Category>Full-Disk Encryption (FDE)</Category>
  </HashMode>
  <HashMode>
    <ID>29333</ID>
    <Name>TrueCrypt Whirlpool + XTS 1536 bit</Name>
    <Category>Full-Disk Encryption (FDE)</Category>
  </HashMode>
  <HashMode>
    <ID>29341</ID>
    <Name>TrueCrypt RIPEMD160 + XTS 512 bit + boot-mode</Name>
    <Category>Full-Disk Encryption (FDE)</Category>
  </HashMode>
  <HashMode>
    <ID>29342</ID>
    <Name>TrueCrypt RIPEMD160 + XTS 1024 bit + boot-mode</Name>
    <Category>Full-Disk Encryption (FDE)</Category>
  </HashMode>
  <HashMode>
    <ID>29343</ID>
    <Name>TrueCrypt RIPEMD160 + XTS 1536 bit + boot-mode</Name>
    <Category>Full-Disk Encryption (FDE)</Category>
  </HashMode>
  <HashMode>
    <ID>29411</ID>
    <Name>VeraCrypt RIPEMD160 + XTS 512 bit</Name>
    <Category>Full-Disk Encryption (FDE)</Category>
  </HashMode>
  <HashMode>
    <ID>29412</ID>
    <Name>VeraCrypt RIPEMD160 + XTS 1024 bit</Name>
    <Category>Full-Disk Encryption (FDE)</Category>
  </HashMode>
  <HashMode>
    <ID>29413</ID>
    <Name>VeraCrypt RIPEMD160 + XTS 1536 bit</Name>
    <Category>Full-Disk Encryption (FDE)</Category>
  </HashMode>
  <HashMode>
    <ID>29421</ID>
    <Name>VeraCrypt SHA512 + XTS 512 bit</Name>
    <Category>Full-Disk Encryption (FDE)</Category>
  </HashMode>
  <HashMode>
    <ID>29422</ID>
    <Name>VeraCrypt SHA512 + XTS 1024 bit</Name>
    <Category>Full-Disk Encryption (FDE)</Category>
  </HashMode>
  <HashMode>
    <ID>29423</ID>
    <Name>VeraCrypt SHA512 + XTS 1536 bit</Name>
    <Category>Full-Disk Encryption (FDE)</Category>
  </HashMode>
  <HashMode>
    <ID>29431</ID>
    <Name>VeraCrypt Whirlpool + XTS 512 bit</Name>
    <Category>Full-Disk Encryption (FDE)</Category>
  </HashMode>
  <HashMode>
    <ID>29432</ID>
    <Name>VeraCrypt Whirlpool + XTS 1024 bit</Name>
    <Category>Full-Disk Encryption (FDE)</Category>
  </HashMode>
  <HashMode>
    <ID>29433</ID>
    <Name>VeraCrypt Whirlpool + XTS 1536 bit</Name>
    <Category>Full-Disk Encryption (FDE)</Category>
  </HashMode>
  <HashMode>
    <ID>29441</ID>
    <Name>VeraCrypt RIPEMD160 + XTS 512 bit + boot-mode</Name>
    <Category>Full-Disk Encryption (FDE)</Category>
  </HashMode>
  <HashMode>
    <ID>29442</ID>
    <Name>VeraCrypt RIPEMD160 + XTS 1024 bit + boot-mode</Name>
    <Category>Full-Disk Encryption (FDE)</Category>
  </HashMode>
  <HashMode>
    <ID>29443</ID>
    <Name>VeraCrypt RIPEMD160 + XTS 1536 bit + boot-mode</Name>
    <Category>Full-Disk Encryption (FDE)</Category>
  </HashMode>
  <HashMode>
    <ID>29451</ID>
    <Name>VeraCrypt SHA256 + XTS 512 bit</Name>
    <Category>Full-Disk Encryption (FDE)</Category>
  </HashMode>
  <HashMode>
    <ID>29452</ID>
    <Name>VeraCrypt SHA256 + XTS 1024 bit</Name>
    <Category>Full-Disk Encryption (FDE)</Category>
  </HashMode>
  <HashMode>
    <ID>29453</ID>
    <Name>VeraCrypt SHA256 + XTS 1536 bit</Name>
    <Category>Full-Disk Encryption (FDE)</Category>
  </HashMode>
  <HashMode>
    <ID>29461</ID>
    <Name>VeraCrypt SHA256 + XTS 512 bit + boot-mode</Name>
    <Category>Full-Disk Encryption (FDE)</Category>
  </HashMode>
  <HashMode>
    <ID>29462</ID>
    <Name>VeraCrypt SHA256 + XTS 1024 bit + boot-mode</Name>
    <Category>Full-Disk Encryption (FDE)</Category>
  </HashMode>
  <HashMode>
    <ID>29463</ID>
    <Name>VeraCrypt SHA256 + XTS 1536 bit + boot-mode</Name>
    <Category>Full-Disk Encryption (FDE)</Category>
  </HashMode>
  <HashMode>
    <ID>29471</ID>
    <Name>VeraCrypt Streebog-512 + XTS 512 bit</Name>
    <Category>Full-Disk Encryption (FDE)</Category>
  </HashMode>
  <HashMode>
    <ID>29472</ID>
    <Name>VeraCrypt Streebog-512 + XTS 1024 bit</Name>
    <Category>Full-Disk Encryption (FDE)</Category>
  </HashMode>
  <HashMode>
    <ID>29473</ID>
    <Name>VeraCrypt Streebog-512 + XTS 1536 bit</Name>
    <Category>Full-Disk Encryption (FDE)</Category>
  </HashMode>
  <HashMode>
    <ID>29481</ID>
    <Name>VeraCrypt Streebog-512 + XTS 512 bit + boot-mode</Name>
    <Category>Full-Disk Encryption (FDE)</Category>
  </HashMode>
  <HashMode>
    <ID>29482</ID>
    <Name>VeraCrypt Streebog-512 + XTS 1024 bit + boot-mode</Name>
    <Category>Full-Disk Encryption (FDE)</Category>
  </HashMode>
  <HashMode>
    <ID>29483</ID>
    <Name>VeraCrypt Streebog-512 + XTS 1536 bit + boot-mode</Name>
    <Category>Full-Disk Encryption (FDE)</Category>
  </HashMode>
  <HashMode>
    <ID>29511</ID>
    <Name>LUKS v1 SHA-1 + AES</Name>
    <Category>Full-Disk Encryption (FDE)</Category>
  </HashMode>
  <HashMode>
    <ID>29512</ID>
    <Name>LUKS v1 SHA-1 + Serpent</Name>
    <Category>Full-Disk Encryption (FDE)</Category>
  </HashMode>
  <HashMode>
    <ID>29513</ID>
    <Name>LUKS v1 SHA-1 + Twofish</Name>
    <Category>Full-Disk Encryption (FDE)</Category>
  </HashMode>
  <HashMode>
    <ID>29521</ID>
    <Name>LUKS v1 SHA-256 + AES</Name>
    <Category>Full-Disk Encryption (FDE)</Category>
  </HashMode>
  <HashMode>
    <ID>29522</ID>
    <Name>LUKS v1 SHA-256 + Serpent</Name>
    <Category>Full-Disk Encryption (FDE)</Category>
  </HashMode>
  <HashMode>
    <ID>29523</ID>
    <Name>LUKS v1 SHA-256 + Twofish</Name>
    <Category>Full-Disk Encryption (FDE)</Category>
  </HashMode>
  <HashMode>
    <ID>29531</ID>
    <Name>LUKS v1 SHA-512 + AES</Name>
    <Category>Full-Disk Encryption (FDE)</Category>
  </HashMode>
  <HashMode>
    <ID>29532</ID>
    <Name>LUKS v1 SHA-512 + Serpent</Name>
    <Category>Full-Disk Encryption (FDE)</Category>
  </HashMode>
  <HashMode>
    <ID>29533</ID>
    <Name>LUKS v1 SHA-512 + Twofish</Name>
    <Category>Full-Disk Encryption (FDE)</Category>
  </HashMode>
  <HashMode>
    <ID>29541</ID>
    <Name>LUKS v1 RIPEMD-160 + AES</Name>
    <Category>Full-Disk Encryption (FDE)</Category>
  </HashMode>
  <HashMode>
    <ID>29542</ID>
    <Name>LUKS v1 RIPEMD-160 + Serpent</Name>
    <Category>Full-Disk Encryption (FDE)</Category>
  </HashMode>
  <HashMode>
    <ID>29543</ID>
    <Name>LUKS v1 RIPEMD-160 + Twofish</Name>
    <Category>Full-Disk Encryption (FDE)</Category>
  </HashMode>
  <HashMode>
    <ID>29600</ID>
    <Name>Terra Station Wallet (AES256-CBC(PBKDF2($pass)))</Name>
    <Category>Cryptocurrency Wallet</Category>
  </HashMode>
  <HashMode>
    <ID>29700</ID>
    <Name>KeePass 1 (AES/Twofish) and KeePass 2 (AES) - keyfile only mode</Name>
    <Category>Password Manager</Category>
  </HashMode>
  <HashMode>
    <ID>29800</ID>
    <Name>Bisq .wallet (scrypt)</Name>
    <Category>Cryptocurrency Wallet</Category>
  </HashMode>
  <HashMode>
    <ID>29910</ID>
    <Name>ENCsecurity Datavault (PBKDF2/no keychain)</Name>
    <Category>File-Based Encryption (FBE)</Category>
  </HashMode>
  <HashMode>
    <ID>29920</ID>
    <Name>ENCsecurity Datavault (PBKDF2/keychain)</Name>
    <Category>File-Based Encryption (FBE)</Category>
  </HashMode>
  <HashMode>
    <ID>29930</ID>
    <Name>ENCsecurity Datavault (MD5/no keychain)</Name>
    <Category>File-Based Encryption (FBE)</Category>
  </HashMode>
  <HashMode>
    <ID>29940</ID>
    <Name>ENCsecurity Datavault (MD5/keychain)</Name>
    <Category>File-Based Encryption (FBE)</Category>
  </HashMode>
  <HashMode>
    <ID>30000</ID>
    <Name>Python Werkzeug MD5 (HMAC-MD5 (key = $salt))</Name>
    <Category>Framework</Category>
  </HashMode>
  <HashMode>
    <ID>30120</ID>
    <Name>Python Werkzeug SHA256 (HMAC-SHA256 (key = $salt))</Name>
    <Category>Framework</Category>
  </HashMode>
  <HashMode>
    <ID>30420</ID>
    <Name>DANE RFC7929/RFC8162 SHA2-256</Name>
    <Category>Network Protocol</Category>
  </HashMode>
  <HashMode>
    <ID>30500</ID>
    <Name>md5(md5($salt).md5(md5($pass)))</Name>
    <Category>Forums, CMS, E-Commerce</Category>
  </HashMode>
  <HashMode>
    <ID>30600</ID>
    <Name>bcrypt(sha256($pass)) / bcryptsha256</Name>
    <Category>Forums, CMS, E-Commerce</Category>
  </HashMode>
  <HashMode>
    <ID>30700</ID>
    <Name>Anope IRC Services (enc_sha256)</Name>
    <Category>Instant Messaging Service</Category>
  </HashMode>
  <HashMode>
    <ID>30901</ID>
    <Name>Bitcoin raw private key (P2PKH), compressed</Name>
    <Category>Cryptocurrency Wallet</Category>
  </HashMode>
  <HashMode>
    <ID>30902</ID>
    <Name>Bitcoin raw private key (P2PKH), uncompressed</Name>
    <Category>Cryptocurrency Wallet</Category>
  </HashMode>
  <HashMode>
    <ID>30903</ID>
    <Name>Bitcoin raw private key (P2WPKH, Bech32), compressed</Name>
    <Category>Cryptocurrency Wallet</Category>
  </HashMode>
  <HashMode>
    <ID>30904</ID>
    <Name>Bitcoin raw private key (P2WPKH, Bech32), uncompressed</Name>
    <Category>Cryptocurrency Wallet</Category>
  </HashMode>
  <HashMode>
    <ID>30905</ID>
    <Name>Bitcoin raw private key (P2SH(P2WPKH)), compressed</Name>
    <Category>Cryptocurrency Wallet</Category>
  </HashMode>
  <HashMode>
    <ID>30906</ID>
    <Name>Bitcoin raw private key (P2SH(P2WPKH)), uncompressed</Name>
    <Category>Cryptocurrency Wallet</Category>
  </HashMode>
  <HashMode>
    <ID>31000</ID>
    <Name>BLAKE2s-256</Name>
    <Category>Raw Hash</Category>
  </HashMode>
  <HashMode>
    <ID>31100</ID>
    <Name>SM3</Name>
    <Category>Raw Hash</Category>
  </HashMode>
  <HashMode>
    <ID>31200</ID>
    <Name>Veeam VBK</Name>
    <Category>Archive</Category>
  </HashMode>
  <HashMode>
    <ID>31300</ID>
    <Name>MS SNTP</Name>
    <Category>Network Protocol</Category>
  </HashMode>
  <HashMode>
    <ID>31400</ID>
    <Name>SecureCRT MasterPassphrase v2</Name>
    <Category>Application Database</Category>
  </HashMode>
  <HashMode>
    <ID>31700</ID>
    <Name>md5(md5(md5($pass).$salt1).$salt2)</Name>
    <Category>Raw Hash salted and/or iterated</Category>
  </HashMode>
  <HashMode>
    <ID>99999</ID>
    <Name>Plaintext</Name>
    <Category>Plaintext</Category>
  </HashMode>
</ArrayOfHashMode>